/*
SQLyog v10.2 
MySQL - 5.7.4-m14 : Database - rs_check0528_2gt_group
*********************************************************************
*/

/*!40101 SET NAMES utf8 */;

/*!40101 SET SQL_MODE=''*/;

/*!40014 SET @OLD_UNIQUE_CHECKS=@@UNIQUE_CHECKS, UNIQUE_CHECKS=0 */;
/*!40014 SET @OLD_FOREIGN_KEY_CHECKS=@@FOREIGN_KEY_CHECKS, FOREIGN_KEY_CHECKS=0 */;
/*!40101 SET @OLD_SQL_MODE=@@SQL_MODE, SQL_MODE='NO_AUTO_VALUE_ON_ZERO' */;
/*!40111 SET @OLD_SQL_NOTES=@@SQL_NOTES, SQL_NOTES=0 */;
CREATE DATABASE /*!32312 IF NOT EXISTS*/`rs_check0528_2gt_group` /*!40100 DEFAULT CHARACTER SET utf8 */;

USE `rs_check0528_2gt_group`;

/*Table structure for table `household_user` */

DROP TABLE IF EXISTS `household_user`;

CREATE TABLE `household_user` (
  `householdid` int(11) NOT NULL,
  `userid` int(11) NOT NULL,
  PRIMARY KEY (`householdid`,`userid`),
  KEY `householdid` (`householdid`),
  KEY `userid` (`userid`)
) ENGINE=InnoDB DEFAULT CHARSET=latin1;

/*Data for the table `household_user` */

insert  into `household_user`(`householdid`,`userid`) values (14,65011),(14,563555),(14,738988),(27,241447),(27,256615),(27,698712),(32,149205),(32,150165),(32,255056),(70,7413),(70,328148),(70,474377),(146,279867),(146,732839),(146,862807),(159,499030),(159,738562),(159,881161),(190,138281),(190,506815),(190,519995),(197,46398),(197,176543),(197,662362),(198,246422),(198,261478),(198,684369),(198,811659),(202,97878),(202,560739),(202,584118),(214,72495),(214,425610),(214,490779),(232,7550),(232,204855),(232,728117),(232,862033),(266,95215),(266,409764),(266,578634),(273,72846),(273,101574),(273,133860),(273,518495),(275,85851),(275,541405),(275,806285),(279,185586),(279,423789),(279,629552),(281,251224),(281,253227),(281,300508),(288,36144),(288,255471),(288,445699),(288,445983);

/*Table structure for table `movie` */

DROP TABLE IF EXISTS `movie`;

CREATE TABLE `movie` (
  `movieid` int(11) NOT NULL,
  PRIMARY KEY (`movieid`)
) ENGINE=InnoDB DEFAULT CHARSET=latin1;

/*Data for the table `movie` */

insert  into `movie`(`movieid`) values (14),(1004),(1539),(1562),(1573),(1756),(1973),(2018),(2033),(2055),(2276),(2481),(3103),(3518),(3918),(4086),(4265),(4446),(4570),(4614),(4851),(4883),(4936),(5076),(5225),(5253),(5440),(6111),(6123),(6525),(7682),(7716),(7740),(7812),(7941),(7991),(8210),(8435),(8462),(8535),(8573),(8609),(8704),(8742),(8909),(9032),(9140),(9188),(9253),(9474),(10447),(10504),(10811),(11023),(11500),(11760),(11849),(12341),(12374),(12401),(12423),(12451),(12474),(12569),(12572),(12689),(12734),(13272),(14059),(14429),(14847),(14922),(15194),(15348),(15361),(15552),(16099),(16385),(16441),(16972),(17019),(17185),(17202),(17311),(17532),(17683),(17689),(18036),(18118),(18168),(18267),(18375),(18556),(18622),(18787),(18810),(18841),(18890),(19102),(19152),(19478),(19491),(19713),(19799),(19922),(20058),(20064),(20175),(20182),(20655),(20813),(21385),(21442),(21590),(21751),(21765),(21894),(22164),(22183),(22354),(22471),(22579),(23156),(23270),(23285),(23386),(23666),(23718),(23785),(24075),(24271),(24864),(25114),(25198),(25209),(25312),(25398),(25693),(26184),(26469),(26589),(26715),(29070),(29107),(29231),(30428);

/*Table structure for table `user` */

DROP TABLE IF EXISTS `user`;

CREATE TABLE `user` (
  `userid` int(11) NOT NULL,
  PRIMARY KEY (`userid`)
) ENGINE=InnoDB DEFAULT CHARSET=latin1;

/*Data for the table `user` */

insert  into `user`(`userid`) values (7413),(7550),(36144),(46398),(65011),(72495),(72846),(85851),(95215),(97878),(101574),(133860),(138281),(149205),(150165),(176543),(185586),(204855),(241447),(246422),(251224),(253227),(255056),(255471),(256615),(261478),(279867),(300508),(328148),(409764),(423789),(425610),(445699),(445983),(474377),(490779),(499030),(506815),(518495),(519995),(541405),(560739),(563555),(578634),(584118),(629552),(662362),(684369),(698712),(728117),(732839),(738562),(738988),(806285),(811659),(862033),(862807),(881161);

/*Table structure for table `user_movie` */

DROP TABLE IF EXISTS `user_movie`;

CREATE TABLE `user_movie` (
  `userid` int(11) NOT NULL,
  `movieid` int(11) NOT NULL,
  `value` int(11) NOT NULL,
  `create_at` datetime NOT NULL,
  PRIMARY KEY (`userid`,`movieid`),
  KEY `userid` (`userid`),
  KEY `movieid` (`movieid`)
) ENGINE=InnoDB DEFAULT CHARSET=utf8;

/*Data for the table `user_movie` */

insert  into `user_movie`(`userid`,`movieid`,`value`,`create_at`) values (7413,5253,90,'2009-12-17 23:18:28'),(7413,11500,80,'2009-12-18 12:08:42'),(7413,17311,85,'2009-12-18 11:28:59'),(7413,18036,75,'2009-12-18 12:09:53'),(7413,19152,100,'2009-12-18 12:04:57'),(7413,19713,95,'2009-12-18 12:05:30'),(7550,2018,75,'2009-07-31 15:46:05'),(7550,4086,70,'2009-07-31 15:54:44'),(7550,5253,80,'2009-07-31 15:40:22'),(7550,11760,75,'2009-07-31 15:42:16'),(7550,12451,80,'2009-07-31 15:51:48'),(7550,13272,85,'2010-06-03 19:17:26'),(7550,16972,75,'2010-06-03 19:14:28'),(7550,17683,95,'2009-07-31 15:54:05'),(7550,21442,80,'2009-07-31 15:53:14'),(7550,21751,75,'2009-07-31 15:52:34'),(7550,22579,85,'2009-07-31 15:40:11'),(7550,29231,80,'2009-07-31 15:50:05'),(36144,1573,70,'2010-06-17 15:50:42'),(36144,1756,95,'2010-06-17 15:48:08'),(36144,2276,70,'2010-06-17 16:47:36'),(36144,5225,70,'2010-06-17 16:16:11'),(36144,7716,80,'2010-06-17 15:44:21'),(36144,7740,80,'2010-06-17 16:03:49'),(36144,8210,70,'2010-06-17 16:48:52'),(36144,8462,90,'2010-06-17 15:54:01'),(36144,9032,60,'2010-06-17 15:41:38'),(36144,9140,65,'2010-06-17 15:45:04'),(36144,10811,70,'2010-06-17 16:10:20'),(36144,11023,75,'2010-06-17 17:25:56'),(36144,12423,80,'2010-06-17 15:55:17'),(36144,12474,75,'2010-06-17 16:05:39'),(36144,16441,80,'2010-06-17 16:06:35'),(36144,18118,95,'2010-06-17 15:52:28'),(36144,19102,70,'2010-06-17 17:23:24'),(36144,19713,80,'2010-06-17 15:52:58'),(36144,20064,40,'2010-06-17 17:23:47'),(36144,20182,95,'2010-06-17 15:54:45'),(36144,22471,70,'2010-06-17 16:16:22'),(36144,23386,40,'2010-06-17 15:41:42'),(36144,25209,75,'2010-06-17 16:09:07'),(36144,25312,60,'2010-06-17 15:48:11'),(36144,26469,75,'2010-06-17 17:22:07'),(46398,1539,85,'2009-11-11 11:50:12'),(46398,4851,85,'2009-11-11 11:50:05'),(46398,18118,100,'2009-11-11 11:49:09'),(65011,4086,80,'2009-10-06 02:47:53'),(65011,14847,85,'2009-08-05 00:55:57'),(72495,1573,85,'2010-05-26 15:23:11'),(72495,8704,75,'2010-05-26 14:59:29'),(72495,12451,80,'2010-05-26 15:03:30'),(72495,15194,85,'2010-05-26 15:07:34'),(72495,16972,85,'2010-05-26 15:12:30'),(72495,19491,85,'2010-05-26 15:16:42'),(72495,21894,80,'2010-05-26 14:56:48'),(72846,3103,60,'2010-04-06 03:04:17'),(72846,7941,75,'2010-04-06 03:09:34'),(72846,12341,50,'2010-04-05 20:44:46'),(72846,14922,70,'2010-04-05 18:00:57'),(72846,18118,70,'2010-04-05 17:56:04'),(72846,18841,45,'2010-04-06 03:07:59'),(72846,20655,85,'2010-04-05 20:44:35'),(72846,25398,90,'2010-04-06 03:31:04'),(85851,1756,75,'2010-04-07 03:48:51'),(85851,4265,90,'2010-04-06 22:50:48'),(85851,7682,90,'2010-04-06 22:53:47'),(85851,8435,65,'2010-04-07 03:36:36'),(85851,15361,80,'2010-04-06 23:35:54'),(85851,18267,85,'2010-05-04 20:43:39'),(85851,19478,85,'2010-04-06 22:50:24'),(85851,24864,75,'2010-04-07 04:21:02'),(85851,30428,90,'2010-04-06 22:44:29'),(95215,4086,85,'2010-01-12 12:39:15'),(95215,15348,85,'2010-01-12 12:37:01'),(95215,18556,90,'2010-01-12 12:43:42'),(97878,1004,55,'2009-09-25 04:30:37'),(97878,2018,90,'2009-09-25 04:35:47'),(97878,6111,90,'2009-09-25 04:30:30'),(97878,18118,85,'2009-09-25 04:50:20'),(97878,20175,85,'2009-09-25 04:39:59'),(97878,20655,85,'2009-09-25 04:37:32'),(97878,20813,85,'2009-09-25 04:38:06'),(97878,21590,75,'2009-09-25 04:37:24'),(97878,25198,90,'2009-09-25 04:47:36'),(97878,25693,90,'2009-09-25 04:50:35'),(97878,26469,80,'2009-09-25 04:57:43'),(101574,1562,80,'2010-04-02 18:31:07'),(101574,3103,85,'2010-04-03 22:55:37'),(101574,7941,50,'2010-04-02 19:31:05'),(101574,7991,100,'2010-04-02 20:04:02'),(101574,12341,70,'2010-04-02 18:27:07'),(101574,14922,60,'2010-04-02 18:33:06'),(101574,15194,80,'2010-04-02 18:59:52'),(101574,18118,70,'2010-04-02 18:28:55'),(101574,18841,100,'2010-04-02 20:14:37'),(101574,20655,90,'2010-04-02 18:39:21'),(101574,24271,100,'2010-04-02 18:51:08'),(101574,26184,70,'2010-04-02 18:32:56'),(101574,26715,70,'2010-04-02 19:32:49'),(101574,29107,90,'2010-04-02 21:18:31'),(133860,1562,60,'2010-03-30 15:45:25'),(133860,3103,55,'2010-03-30 17:58:56'),(133860,7941,60,'2010-03-30 18:50:33'),(133860,12341,60,'2010-03-30 15:48:12'),(133860,14922,60,'2010-03-30 15:36:34'),(133860,15194,70,'2010-03-30 15:42:56'),(133860,18118,70,'2010-03-30 15:34:26'),(133860,18841,60,'2010-03-30 18:47:32'),(133860,20655,50,'2010-04-01 05:50:05'),(133860,24271,20,'2010-03-30 15:50:00'),(133860,25398,65,'2010-04-29 01:48:06'),(133860,26184,85,'2010-03-30 16:55:59'),(133860,26715,60,'2010-03-30 15:32:17'),(133860,29107,55,'2010-03-30 15:39:02'),(138281,4614,85,'2010-06-29 20:43:23'),(138281,8609,85,'2010-06-29 20:43:38'),(138281,10504,85,'2010-06-29 22:58:59'),(138281,11849,80,'2010-06-29 20:49:56'),(138281,12423,100,'2010-06-29 20:46:20'),(138281,18810,85,'2010-07-01 17:22:37'),(138281,19922,80,'2010-07-01 17:16:58'),(138281,21765,85,'2010-06-29 20:46:56'),(138281,22354,80,'2010-06-29 20:45:42'),(149205,12569,75,'2009-08-18 16:10:41'),(150165,4883,90,'2009-08-15 15:43:11'),(150165,6525,85,'2009-08-15 15:41:59'),(150165,12569,90,'2009-08-15 15:38:19'),(150165,17019,95,'2009-08-15 15:35:45'),(150165,17532,90,'2009-08-15 15:42:54'),(150165,21590,95,'2009-08-15 15:34:51'),(176543,1539,95,'2009-11-11 00:10:05'),(176543,4851,85,'2009-11-11 00:11:52'),(185586,3518,80,'2010-05-04 15:18:04'),(185586,4570,70,'2010-05-04 16:38:34'),(185586,4936,80,'2010-05-04 17:20:19'),(185586,8909,90,'2010-05-04 15:23:47'),(185586,12423,90,'2010-05-04 15:07:58'),(185586,14429,90,'2010-05-04 15:11:29'),(185586,18890,80,'2010-05-04 15:20:08'),(185586,19713,90,'2010-05-04 15:13:02'),(185586,25312,100,'2010-05-04 16:29:37'),(204855,2018,80,'2009-07-26 22:37:28'),(204855,4086,100,'2009-07-27 00:55:25'),(204855,5253,100,'2009-07-27 01:06:06'),(204855,11760,90,'2009-07-26 22:34:56'),(204855,12451,100,'2009-07-26 22:47:40'),(204855,21442,100,'2009-07-26 22:45:24'),(204855,29231,50,'2009-07-26 22:35:36'),(241447,2033,75,'2009-08-04 19:55:25'),(241447,12689,70,'2009-08-04 20:29:16'),(241447,17019,75,'2009-08-04 19:42:18'),(241447,17185,70,'2009-08-04 20:24:03'),(241447,23718,70,'2009-08-04 19:42:26'),(246422,3918,90,'2009-11-23 19:07:25'),(246422,17202,95,'2009-11-23 19:01:31'),(246422,23156,80,'2009-11-23 18:59:47'),(251224,1539,95,'2010-05-09 20:16:26'),(251224,6525,95,'2010-05-09 20:11:10'),(251224,9032,85,'2010-05-09 20:34:08'),(251224,14922,75,'2010-05-09 20:33:24'),(251224,16385,95,'2010-05-09 20:15:39'),(251224,17689,85,'2010-05-09 20:30:05'),(251224,18622,75,'2010-05-09 20:23:14'),(251224,20058,80,'2010-05-17 03:23:02'),(251224,21385,75,'2010-05-09 20:29:16'),(251224,22183,85,'2010-05-09 20:33:29'),(251224,23386,80,'2010-05-09 20:34:04'),(253227,1539,85,'2010-05-06 22:10:13'),(253227,6525,85,'2010-05-06 22:08:17'),(253227,8609,75,'2010-05-06 17:05:25'),(253227,9032,75,'2010-05-06 17:01:08'),(253227,14922,85,'2010-05-10 01:17:51'),(253227,16385,75,'2010-05-06 17:01:28'),(253227,17689,85,'2010-05-06 18:26:59'),(253227,18622,85,'2010-05-06 22:10:55'),(253227,20058,60,'2010-05-10 01:12:39'),(253227,21385,80,'2010-05-06 18:11:11'),(253227,22164,85,'2010-05-06 22:14:27'),(253227,22183,85,'2010-05-06 17:00:00'),(253227,23386,85,'2010-05-06 17:01:49'),(255056,4883,90,'2009-08-16 14:10:57'),(255056,6525,85,'2009-08-16 14:09:45'),(255056,17019,80,'2009-08-16 14:03:10'),(255056,17532,90,'2009-08-16 14:10:33'),(255056,21590,80,'2009-08-16 14:01:44'),(255471,14,75,'2010-06-22 15:19:41'),(255471,1756,55,'2010-06-21 22:51:33'),(255471,2276,80,'2010-06-17 01:08:41'),(255471,5225,85,'2010-06-17 00:42:50'),(255471,7716,70,'2010-06-21 22:42:40'),(255471,8462,70,'2010-06-27 19:41:09'),(255471,8535,50,'2010-06-19 14:38:36'),(255471,9140,85,'2010-06-15 15:05:01'),(255471,11023,65,'2010-06-18 20:21:14'),(255471,12374,75,'2010-06-17 00:54:18'),(255471,12401,85,'2010-06-22 15:14:14'),(255471,12474,75,'2010-06-17 00:38:00'),(255471,19102,70,'2010-06-17 00:54:07'),(255471,19713,85,'2010-06-15 15:13:26'),(255471,25209,50,'2010-06-22 15:23:31'),(255471,25312,70,'2010-06-27 19:39:50'),(255471,26469,80,'2010-06-17 00:56:30'),(256615,2033,75,'2009-08-09 17:31:41'),(256615,12689,85,'2009-08-09 17:30:45'),(256615,12734,100,'2009-08-09 17:31:15'),(256615,14922,80,'2009-08-09 17:53:29'),(256615,17019,70,'2009-08-09 17:50:55'),(256615,23718,75,'2009-08-09 17:50:20'),(261478,23156,85,'2009-11-25 22:50:25'),(279867,12734,100,'2010-05-17 22:10:17'),(279867,14059,80,'2010-05-17 22:09:07'),(279867,18810,60,'2010-05-17 22:10:05'),(279867,20175,100,'2010-05-17 22:09:22'),(279867,24075,75,'2010-05-17 22:09:49'),(300508,1539,75,'2010-05-06 19:05:43'),(300508,8609,85,'2010-04-24 15:24:29'),(300508,16385,85,'2010-05-06 19:07:01'),(300508,18622,80,'2010-05-06 19:06:27'),(300508,20058,85,'2010-05-07 17:26:53'),(300508,21385,85,'2010-05-06 19:05:31'),(300508,22164,85,'2010-05-06 19:26:38'),(328148,5253,95,'2009-12-14 23:50:18'),(328148,11500,85,'2009-12-14 23:53:42'),(328148,18036,85,'2009-12-15 22:33:43'),(328148,18810,80,'2009-12-14 23:51:22'),(328148,19152,80,'2009-12-14 23:51:08'),(409764,1973,80,'2010-01-16 12:43:57'),(409764,4086,75,'2010-01-16 12:30:02'),(409764,7812,80,'2010-01-16 12:37:23'),(409764,10447,80,'2010-01-16 12:13:58'),(409764,18556,70,'2010-01-16 12:11:29'),(423789,1973,90,'2010-05-03 04:05:25'),(423789,3518,80,'2010-05-02 09:21:57'),(423789,4570,80,'2010-05-03 03:31:44'),(423789,4936,75,'2010-05-02 09:21:46'),(423789,5440,90,'2010-05-03 07:10:55'),(423789,18890,95,'2010-05-02 21:51:22'),(423789,19713,95,'2010-05-02 21:54:35'),(425610,1573,75,'2010-05-30 03:15:35'),(425610,8704,80,'2010-05-30 02:51:30'),(425610,12451,75,'2010-05-30 04:01:03'),(445699,14,80,'2010-06-20 19:24:00'),(445699,1756,25,'2010-06-30 23:20:49'),(445699,2276,60,'2010-06-20 19:26:25'),(445699,5225,75,'2010-07-01 00:58:28'),(445699,7716,75,'2010-06-22 23:37:56'),(445699,8462,80,'2010-06-30 23:23:08'),(445699,8535,85,'2010-06-20 19:58:33'),(445699,8573,80,'2010-06-20 20:33:42'),(445699,9032,75,'2010-06-30 23:20:25'),(445699,10811,70,'2010-07-01 00:57:06'),(445699,11023,70,'2010-06-20 19:53:47'),(445699,12374,70,'2010-06-20 19:33:47'),(445699,12474,80,'2010-06-20 19:26:48'),(445699,16441,70,'2010-06-20 19:27:26'),(445699,18118,85,'2010-06-30 23:22:38'),(445699,19713,65,'2010-06-20 18:50:59'),(445699,20064,75,'2010-06-20 19:25:54'),(445699,20182,80,'2010-06-20 18:51:42'),(445699,22471,85,'2010-06-20 19:32:09'),(445699,23386,85,'2010-06-30 23:19:49'),(445699,23666,85,'2010-07-01 01:13:52'),(445699,25209,80,'2010-07-01 00:56:35'),(445699,26469,70,'2010-06-20 19:36:06'),(445983,14,75,'2010-06-18 18:46:14'),(445983,1573,75,'2010-06-18 18:38:17'),(445983,1756,65,'2010-06-21 00:02:16'),(445983,2276,75,'2010-06-21 00:06:09'),(445983,7716,100,'2010-06-15 08:22:07'),(445983,7740,75,'2010-06-18 18:47:37'),(445983,8210,65,'2010-06-19 00:15:31'),(445983,8462,80,'2010-06-15 08:18:24'),(445983,8535,65,'2010-06-19 19:38:22'),(445983,8573,70,'2010-06-21 00:35:34'),(445983,9032,75,'2010-06-15 08:16:05'),(445983,9140,70,'2010-06-18 18:29:55'),(445983,11023,45,'2010-06-19 00:51:25'),(445983,12374,75,'2010-06-19 00:15:42'),(445983,12401,70,'2010-06-18 18:42:02'),(445983,12423,70,'2010-06-18 18:40:28'),(445983,16441,55,'2010-06-19 00:08:02'),(445983,18118,80,'2010-06-15 08:17:26'),(445983,19713,70,'2010-06-15 08:18:10'),(445983,20064,75,'2010-06-19 00:14:45'),(445983,20182,85,'2010-06-15 08:18:29'),(445983,22471,25,'2010-06-19 00:13:17'),(445983,23386,85,'2010-06-15 08:15:28'),(445983,23666,80,'2010-06-19 20:07:41'),(445983,25209,70,'2010-06-21 00:11:11'),(445983,25312,75,'2010-06-15 08:16:10'),(474377,5253,90,'2009-12-15 19:43:24'),(474377,17311,90,'2009-12-15 19:52:19'),(474377,18810,85,'2009-12-15 19:54:04'),(474377,19152,100,'2009-12-15 19:50:56'),(474377,19713,90,'2009-12-15 19:52:41'),(490779,1573,95,'2010-05-24 23:25:26'),(490779,8704,90,'2010-05-24 23:23:57'),(490779,12451,95,'2010-05-24 23:25:29'),(490779,15194,90,'2010-05-26 18:08:03'),(490779,16972,90,'2010-05-24 23:30:58'),(490779,19491,85,'2010-06-17 14:32:26'),(490779,21894,85,'2010-05-24 23:20:56'),(499030,2481,90,'2010-06-09 19:37:37'),(499030,4851,95,'2010-06-09 19:44:01'),(499030,5076,100,'2010-06-09 19:39:45'),(499030,6123,100,'2010-06-09 19:47:51'),(499030,8742,65,'2010-06-09 19:32:12'),(499030,9188,90,'2010-06-09 21:08:37'),(499030,9474,90,'2010-06-09 21:25:54'),(499030,10811,85,'2010-06-09 20:21:59'),(499030,12572,40,'2010-06-09 20:58:43'),(499030,15552,100,'2010-06-09 21:30:30'),(499030,17683,95,'2010-06-09 19:50:48'),(499030,18168,100,'2010-06-09 21:05:38'),(499030,18787,90,'2010-06-09 21:03:23'),(499030,19799,80,'2010-06-09 20:54:14'),(499030,20813,10,'2010-06-09 19:45:35'),(499030,23270,95,'2010-06-09 20:20:11'),(499030,23285,100,'2010-06-09 19:48:08'),(499030,23785,90,'2010-06-09 19:38:24'),(499030,24864,100,'2010-06-09 19:45:28'),(499030,25114,85,'2010-06-09 21:19:02'),(506815,8609,70,'2010-06-27 02:41:58'),(506815,11849,75,'2010-06-27 02:18:02'),(506815,12423,75,'2010-06-27 02:19:19'),(506815,18810,70,'2010-06-27 02:21:14'),(506815,19922,75,'2010-06-27 02:43:22'),(506815,21765,55,'2010-06-27 02:22:30'),(506815,26589,75,'2010-06-27 02:24:15'),(518495,1562,65,'2010-04-03 23:15:56'),(518495,3103,80,'2010-04-03 20:37:24'),(518495,7991,80,'2010-04-03 20:14:12'),(518495,12341,90,'2010-04-03 20:29:01'),(518495,14922,80,'2010-04-03 23:16:49'),(518495,24271,80,'2010-04-03 20:22:07'),(518495,26184,85,'2010-04-04 00:49:12'),(518495,26715,75,'2010-04-03 19:56:21'),(518495,29107,100,'2010-04-03 23:25:41'),(519995,4614,90,'2010-06-29 00:09:07'),(519995,8609,70,'2010-07-01 01:03:15'),(519995,10504,80,'2010-07-01 00:35:20'),(519995,11849,80,'2010-07-01 01:02:40'),(519995,19922,70,'2010-06-29 00:06:58'),(519995,21765,80,'2010-06-29 00:10:48'),(519995,22354,75,'2010-07-01 21:16:39'),(519995,26589,70,'2010-06-29 00:22:47'),(541405,1756,85,'2010-06-07 17:39:45'),(541405,4265,80,'2010-04-07 04:43:43'),(541405,8435,80,'2010-04-07 04:46:50'),(541405,15361,80,'2010-04-07 05:04:03'),(541405,18267,75,'2010-04-07 04:42:17'),(541405,19478,85,'2010-04-07 05:01:41'),(541405,24864,75,'2010-04-07 04:43:51'),(541405,30428,85,'2010-04-07 04:57:58'),(560739,1004,80,'2009-09-27 03:57:24'),(560739,4446,70,'2010-03-30 03:57:04'),(560739,9140,85,'2009-09-27 03:54:50'),(560739,14429,80,'2009-09-27 03:52:57'),(560739,18118,85,'2009-09-27 04:17:42'),(560739,18375,80,'2009-09-27 04:08:09'),(560739,20175,90,'2009-09-27 04:13:00'),(560739,20182,70,'2009-09-25 23:55:33'),(560739,20655,85,'2009-09-27 04:09:55'),(560739,20813,70,'2009-09-27 04:10:46'),(560739,21590,70,'2009-09-27 04:10:39'),(560739,25693,85,'2009-09-27 04:17:11'),(560739,26469,75,'2009-11-05 11:50:28'),(563555,14847,60,'2009-08-08 12:53:08'),(578634,1973,75,'2010-01-13 02:11:10'),(578634,4086,90,'2010-01-13 02:00:54'),(578634,7812,80,'2010-01-13 02:00:14'),(578634,10447,80,'2010-01-13 01:53:42'),(578634,15348,85,'2010-01-13 01:58:30'),(578634,18556,90,'2010-03-08 02:11:19'),(584118,1004,70,'2009-09-30 01:14:03'),(584118,2018,90,'2009-09-30 01:18:30'),(584118,4446,75,'2009-09-30 01:00:23'),(584118,6111,85,'2009-09-30 01:14:44'),(584118,9140,70,'2009-09-30 01:02:26'),(584118,14429,90,'2009-09-30 00:59:45'),(584118,18118,85,'2009-09-30 01:41:59'),(584118,18375,90,'2009-09-30 01:17:47'),(584118,20175,15,'2009-09-30 01:24:49'),(584118,20182,80,'2009-09-30 01:21:17'),(584118,20655,80,'2009-09-30 01:19:26'),(584118,20813,60,'2009-09-30 01:20:06'),(584118,25198,95,'2009-09-30 01:29:44'),(629552,1973,85,'2010-04-30 18:41:30'),(629552,3518,90,'2010-04-30 18:53:38'),(629552,4570,80,'2010-04-30 20:22:50'),(629552,4936,100,'2010-04-30 18:38:23'),(629552,5440,75,'2010-04-30 18:35:24'),(629552,8909,75,'2010-04-30 19:58:07'),(629552,12423,95,'2010-04-30 18:33:04'),(629552,14429,90,'2010-04-30 18:29:27'),(629552,18890,90,'2010-04-30 18:33:12'),(629552,19713,70,'2010-04-30 18:35:35'),(629552,25312,90,'2010-04-30 18:30:13'),(662362,1539,100,'2009-11-08 19:55:22'),(662362,18118,80,'2009-11-08 19:52:58'),(684369,18810,80,'2009-11-27 23:58:39'),(684369,23156,70,'2009-11-27 23:59:41'),(698712,2033,70,'2009-08-07 21:23:26'),(698712,12689,85,'2009-08-07 21:17:35'),(698712,12734,75,'2009-08-08 01:18:37'),(698712,14922,75,'2009-08-07 21:19:04'),(698712,17019,80,'2009-08-07 21:14:38'),(698712,17185,70,'2009-08-07 21:07:17'),(698712,23718,90,'2009-08-07 21:14:09'),(728117,2018,80,'2009-08-02 18:55:26'),(728117,4086,100,'2009-08-02 18:54:05'),(728117,5253,70,'2009-08-02 18:43:44'),(728117,11760,65,'2009-08-02 18:55:33'),(728117,13272,80,'2009-08-02 19:38:02'),(728117,16972,85,'2009-08-02 18:55:03'),(728117,17683,90,'2009-08-02 18:54:28'),(728117,21442,70,'2009-08-02 19:41:05'),(728117,22579,25,'2009-08-02 18:43:48'),(728117,29231,50,'2009-08-02 18:51:10'),(732839,12734,90,'2010-05-23 20:21:11'),(732839,14059,95,'2010-05-23 20:20:01'),(732839,16099,80,'2010-05-23 20:36:27'),(732839,18810,85,'2010-05-23 20:24:57'),(732839,20175,75,'2010-05-23 20:19:28'),(732839,24075,85,'2010-05-23 20:21:59'),(738562,2055,75,'2010-06-07 17:34:40'),(738562,2481,65,'2010-06-07 17:12:42'),(738562,4851,75,'2010-06-07 17:24:18'),(738562,5076,70,'2010-06-07 17:24:32'),(738562,6123,75,'2010-06-07 17:18:35'),(738562,8742,85,'2010-06-07 17:49:04'),(738562,9188,85,'2010-06-07 18:11:10'),(738562,9253,85,'2010-06-07 17:48:15'),(738562,9474,90,'2010-06-07 17:47:15'),(738562,10811,70,'2010-06-07 18:06:21'),(738562,12474,85,'2010-06-07 17:52:55'),(738562,12572,90,'2010-06-07 18:07:28'),(738562,15552,85,'2010-06-07 17:47:57'),(738562,17683,75,'2010-06-07 17:21:26'),(738562,18168,80,'2010-06-07 17:47:26'),(738562,18787,80,'2010-06-07 18:11:47'),(738562,19799,85,'2010-06-07 18:14:16'),(738562,20813,80,'2010-06-07 17:50:03'),(738562,23270,90,'2010-06-07 18:12:12'),(738562,23285,70,'2010-06-07 18:02:32'),(738562,23785,75,'2010-06-07 17:38:04'),(738562,24864,75,'2010-06-07 17:35:33'),(738562,25114,95,'2010-06-07 17:44:36'),(738562,29070,80,'2010-06-07 18:01:21'),(738988,4086,80,'2009-08-05 23:13:35'),(738988,14847,100,'2009-08-05 23:02:46'),(806285,1756,70,'2010-04-07 22:18:36'),(806285,4265,85,'2010-04-07 23:15:30'),(806285,7682,90,'2010-04-07 22:15:25'),(806285,8435,80,'2010-04-07 22:23:50'),(806285,15361,80,'2010-04-07 22:18:04'),(806285,30428,85,'2010-04-07 23:12:32'),(811659,3918,95,'2009-11-29 18:46:32'),(811659,17202,80,'2009-11-29 18:51:17'),(811659,18810,85,'2009-11-29 18:55:03'),(811659,23156,80,'2009-11-29 18:56:00'),(862033,5253,70,'2009-07-29 23:44:57'),(862033,11760,100,'2009-07-29 23:40:33'),(862033,17683,75,'2009-07-29 23:50:44'),(862033,21442,70,'2009-07-29 23:49:57'),(862033,21751,75,'2009-07-29 23:48:17'),(862033,22579,75,'2009-07-29 23:44:59'),(862033,29231,75,'2009-07-29 23:46:43'),(862807,14059,90,'2010-05-21 12:24:27'),(862807,16099,85,'2010-05-21 12:32:54'),(862807,18810,85,'2010-05-21 12:26:25'),(862807,20175,100,'2010-05-21 12:23:28'),(862807,24075,90,'2010-05-21 12:25:33'),(881161,2055,90,'2010-06-12 02:39:38'),(881161,2481,85,'2010-06-12 02:21:20'),(881161,4851,95,'2010-06-12 02:17:57'),(881161,5076,95,'2010-06-12 02:31:06'),(881161,6123,85,'2010-06-12 02:31:02'),(881161,8742,85,'2010-06-12 02:30:17'),(881161,9253,80,'2010-06-12 03:02:14'),(881161,10811,85,'2010-06-12 02:44:18'),(881161,12474,80,'2010-06-12 02:41:05'),(881161,12572,95,'2010-06-12 03:05:54'),(881161,20813,85,'2010-06-12 02:33:29'),(881161,23285,85,'2010-06-12 02:35:15'),(881161,23785,75,'2010-06-12 02:20:46'),(881161,24864,95,'2010-06-12 02:28:51'),(881161,29070,90,'2010-06-12 02:47:33');

/*!40101 SET SQL_MODE=@OLD_SQL_MODE */;
/*!40014 SET FOREIGN_KEY_CHECKS=@OLD_FOREIGN_KEY_CHECKS */;
/*!40014 SET UNIQUE_CHECKS=@OLD_UNIQUE_CHECKS */;
/*!40111 SET SQL_NOTES=@OLD_SQL_NOTES */;
